inventory_move_id,movement_date,warehouse_id,product_id,movement_type,quantity_signed,unit_cost_vnd,reference_document,reference_line,batch_no,expiry_date
IM00000001,2025-01-01,WH01,P001,Opening Balance,128,469000.0,OPENING,,,
IM00000002,2025-01-01,WH01,P002,Opening Balance,93,321000.0,OPENING,,,
IM00000003,2025-01-01,WH01,P003,Opening Balance,79,316000.0,OPENING,,,
IM00000004,2025-01-01,WH01,P004,Opening Balance,60,467000.0,OPENING,,,
IM00000005,2025-01-01,WH01,P005,Opening Balance,38,461000.0,OPENING,,,
IM00000006,2025-01-01,WH01,P006,Opening Balance,74,442000.0,OPENING,,,
IM00000007,2025-01-01,WH01,P007,Opening Balance,41,125000.0,OPENING,,,
IM00000008,2025-01-01,WH01,P008,Opening Balance,32,260000.0,OPENING,,,
IM00000009,2025-01-01,WH01,P009,Opening Balance,27,185000.0,OPENING,,,
IM00000010,2025-01-01,WH01,P010,Opening Balance,30,258000.0,OPENING,,,
IM00000011,2025-01-01,WH01,P011,Opening Balance,48,211000.0,OPENING,,,
IM00000012,2025-01-01,WH01,P012,Opening Balance,26,262000.0,OPENING,,,
IM00000013,2025-01-01,WH01,P013,Opening Balance,12,252000.0,OPENING,,,
IM00000014,2025-01-01,WH01,P014,Opening Balance,15,297000.0,OPENING,,,
IM00000015,2025-01-01,WH01,P015,Opening Balance,9,92000.0,OPENING,,,
IM00000016,2025-01-01,WH01,P016,Opening Balance,18,414000.0,OPENING,,,
IM00000017,2025-01-01,WH01,P017,Opening Balance,47,144000.0,OPENING,,,
IM00000018,2025-01-01,WH01,P018,Opening Balance,44,228000.0,OPENING,,,
IM00000019,2025-01-01,WH01,P019,Opening Balance,8,212000.0,OPENING,,,
IM00000020,2025-01-01,WH01,P020,Opening Balance,22,268000.0,OPENING,,,
IM00000021,2025-01-01,WH01,P021,Opening Balance,28,96000.0,OPENING,,,
IM00000022,2025-01-01,WH01,P022,Opening Balance,2,1716000.0,OPENING,,,
IM00000023,2025-01-01,WH01,P023,Opening Balance,2,2662000.0,OPENING,,,
IM00000024,2025-01-01,WH01,P024,Opening Balance,2,3595000.0,OPENING,,,
IM00000025,2025-01-01,WH01,P025,Opening Balance,1,3664000.0,OPENING,,,
IM00000026,2025-01-01,WH01,P026,Opening Balance,2,3907000.0,OPENING,,,
IM00000027,2025-01-01,WH01,P027,Opening Balance,2,3006000.0,OPENING,,,
IM00000028,2025-01-01,WH01,P028,Opening Balance,6,4144000.0,OPENING,,,
IM00000029,2025-01-01,WH01,P029,Opening Balance,13,14327000.0,OPENING,,,
IM00000030,2025-01-01,WH01,P030,Opening Balance,14,8143000.0,OPENING,,,
IM00000031,2025-01-01,WH01,P031,Opening Balance,13,15782000.0,OPENING,,,
IM00000032,2025-01-01,WH01,P032,Opening Balance,11,14984000.0,OPENING,,,
IM00000033,2025-01-29,WH01,P022,PO Receipt,4,1660235.1380238,PO000001,POL0000001,B2501002,2028-01-29
IM00000034,2025-02-07,WH01,P003,Cycle Count Adjustment,-2,316000.0,ADJ,,,
IM00000035,2025-02-12,WH01,P025,PO Receipt,3,3622002.4089249,PO000004,POL0000004,B2501005,2028-02-12
IM00000036,2025-02-12,WH01,P026,PO Receipt,4,4165639.20031935,PO000005,POL0000005,B2501006,2028-02-12
IM00000037,2025-02-14,WH01,P023,PO Receipt,5,2343785.00202015,PO000002,POL0000002,B2501003,2028-02-14
IM00000038,2025-02-14,WH01,P023,QA Rejection,-1,2343785.00202015,PO000002,POL0000002,B2501003,
IM00000039,2025-02-15,WH01,P024,PO Receipt,8,3374464.8768772497,PO000003,POL0000003,B2501004,2028-02-15
IM00000040,2025-02-16,WH01,P027,PO Receipt,4,3068109.4745886,PO000006,POL0000006,B2501007,2028-02-16
IM00000041,2025-02-16,WH01,P027,QA Rejection,-1,3068109.4745886,PO000006,POL0000006,B2501007,
IM00000042,2025-02-23,WH01,P002,Sales Issue,-6,324800.0,SO000001,SOL0000002,,
IM00000043,2025-02-23,WH01,P003,Sales Issue,-14,324800.0,SO000001,SOL0000003,,
IM00000044,2025-02-23,WH01,P005,Sales Issue,-13,474700.0,SO000001,SOL0000004,,
IM00000045,2025-02-24,WH01,P001,Sales Issue,-29,461500.0,SO000001,SOL0000001,,
IM00000046,2025-02-24,WH01,P011,Sales Issue,-18,204000.0,SO000058,SOL0000109,,
IM00000047,2025-02-28,WH01,P005,PO Receipt,16,452628.4706,PO000007,POL0000007,B2502008,2027-02-28
IM00000048,2025-03-07,WH01,P002,Sales Issue,-11,327200.0,SO000002,SOL0000005,,
IM00000049,2025-03-13,WH01,P002,Sales Issue,-61,329100.0,SO000060,SOL0000113,,
IM00000050,2025-03-15,WH01,P024,Sales Issue,-10,3647500.0,SO000003,SOL0000006,,
IM00000051,2025-03-23,WH01,P001,Sales Issue,-24,473000.0,SO000101,SOL0000179,,
IM00000052,2025-03-29,WH01,P001,PO Receipt,36,466161.0407,PO000010,POL0000010,B2503011,2027-03-29
IM00000053,2025-04-01,WH01,P005,Sales Issue,-5,460800.0,SO000059,SOL0000110,,
IM00000054,2025-04-01,WH01,P003,Sales Issue,-22,303600.0,SO000059,SOL0000111,,
IM00000055,2025-04-02,WH01,P004,Sales Issue,-4,480600.0,SO000059,SOL0000112,,
IM00000056,2025-04-07,WH01,P002,PO Receipt,48,303709.48641891003,PO000008,POL0000008,B2503009,2027-04-07
IM00000057,2025-04-09,WH01,P022,Sales Issue,-6,1670300.0,SO000084,SOL0000153,,
IM00000058,2025-04-10,WH01,P004,Sales Issue,-8,482800.0,SO000100,SOL0000178,,
IM00000059,2025-04-14,WH01,P004,Sales Issue,-42,473700.0,SO000133,SOL0000235,,
IM00000060,2025-04-14,WH01,P006,Sales Issue,-6,424500.0,SO000133,SOL0000236,,
IM00000061,2025-04-15,WH01,P003,PO Receipt,25,337566.0564,PO000011,POL0000011,B2504012,2027-04-15
IM00000062,2025-04-20,WH01,P002,Sales Issue,-28,325000.0,SO000083,SOL0000152,,
IM00000063,2025-04-28,WH01,P011,Sales Issue,-30,215000.0,SO000122,SOL0000213,,
IM00000064,2025-05-05,WH01,P004,PO Receipt,45,505104.66383130004,PO000013,POL0000013,B2504014,2027-05-05
IM00000065,2025-05-07,WH01,P001,Cycle Count Adjustment,-3,469000.0,ADJ,,,
IM00000066,2025-05-07,WH01,P001,Sales Issue,-90,463800.0,SO000004,SOL0000007,,
IM00000067,2025-05-09,WH01,P011,PO Receipt,112,190590.2643,PO000015,POL0000015,B2504016,2027-05-09
IM00000068,2025-05-09,WH01,P011,Sales Issue,-75,215000.0,SO000122,SOL0000213,,
IM00000069,2025-05-10,WH01,P024,PO Receipt,20,3397482.61972215,PO000009,POL0000009,B2503010,2028-05-09
IM00000070,2025-05-10,WH01,P024,Sales Issue,-10,3647500.0,SO000003,SOL0000006,,
IM00000071,2025-05-13,WH01,P001,PO Receipt,93,466161.0407,PO000016,POL0000016,B2505017,2027-05-13
IM00000072,2025-05-15,WH01,P002,PO Receipt,32,302353.29927759,PO000014,POL0000014,B2504015,2027-05-15
IM00000073,2025-05-21,WH01,P001,Sales Issue,-20,486300.0,SO000005,SOL0000008,,
IM00000074,2025-05-24,WH01,P022,PO Receipt,8,1595129.47259743,PO000012,POL0000012,B2504013,2028-05-23
IM00000075,2025-05-24,WH01,P022,Sales Issue,-3,1670300.0,SO000084,SOL0000153,,
IM00000076,2025-05-30,WH01,P007,Sales Issue,-35,122400.0,SO000006,SOL0000009,,
IM00000077,2025-06-04,WH01,P019,Sales Issue,-8,205800.0,SO000107,SOL0000186,,
IM00000078,2025-06-06,WH01,P006,Sales Issue,-13,445000.0,SO000046,SOL0000084,,
IM00000079,2025-06-06,WH01,P005,Sales Issue,-9,462000.0,SO000046,SOL0000085,,
IM00000080,2025-06-07,WH01,P004,Sales Issue,-51,472600.0,SO000046,SOL0000086,,
IM00000081,2025-06-09,WH01,P001,Sales Issue,-15,468800.0,SO000022,SOL0000041,,
IM00000082,2025-06-09,WH01,P001,Sales Issue,-21,454600.0,SO000045,SOL0000083,,
IM00000083,2025-06-11,WH01,P005,PO Receipt,8,452628.4706,PO000019,POL0000019,B2506020,2027-06-11
IM00000084,2025-06-11,WH01,P006,Sales Issue,-9,449000.0,SO000007,SOL0000010,,
IM00000085,2025-06-11,WH01,P001,Sales Issue,-50,482100.0,SO000007,SOL0000011,,
IM00000086,2025-06-11,WH01,P018,Sales Issue,-44,227200.0,SO000074,SOL0000137,,
IM00000087,2025-06-12,WH01,P003,Sales Issue,-48,315400.0,SO000116,SOL0000203,,
IM00000088,2025-06-15,WH01,P019,PO Receipt,15,228882.4689,PO000018,POL0000018,B2506019,2026-06-15
IM00000089,2025-06-15,WH01,P019,Sales Issue,-8,205800.0,SO000107,SOL0000186,,
IM00000090,2025-06-17,WH01,P001,PO Receipt,48,466161.0407,PO000022,POL0000022,B2506023,2027-06-17
IM00000091,2025-06-17,WH01,P013,Sales Issue,-12,255800.0,SO000141,SOL0000253,,
IM00000092,2025-06-17,WH01,P016,Sales Issue,-18,400400.0,SO000141,SOL0000254,,
IM00000093,2025-06-17,WH01,P015,Sales Issue,-9,94500.0,SO000141,SOL0000255,,
IM00000094,2025-06-17,WH01,P014,Sales Issue,-15,299700.0,SO000141,SOL0000256,,
IM00000095,2025-06-19,WH01,P018,PO Receipt,42,243589.7772,PO000023,POL0000023,B2506024,2025-12-16
IM00000096,2025-06-19,WH01,P018,Sales Issue,-11,227200.0,SO000074,SOL0000137,,
IM00000097,2025-06-19,WH01,P001,Sales Issue,-17,465000.0,SO000123,SOL0000214,,
IM00000098,2025-06-20,WH01,P003,Sales Issue,-16,324900.0,SO000123,SOL0000215,,
IM00000099,2025-06-21,WH01,P007,PO Receipt,24,112645.64638455001,PO000017,POL0000017,B2505018,2027-06-21
IM00000100,2025-06-22,WH01,P005,Sales Issue,-7,456100.0,SO000075,SOL0000139,,
IM00000101,2025-06-22,WH01,P001,Sales Issue,-36,464000.0,SO000110,SOL0000190,,
IM00000102,2025-06-22,WH01,P005,Sales Issue,-14,472600.0,SO000110,SOL0000191,,
IM00000103,2025-06-22,WH01,P002,Sales Issue,-61,311000.0,SO000110,SOL0000193,,
IM00000104,2025-06-24,WH01,P002,Sales Issue,-6,328400.0,SO000021,SOL0000037,,
IM00000105,2025-06-24,WH01,P006,Sales Issue,-11,431100.0,SO000021,SOL0000039,,
IM00000106,2025-06-25,WH01,P003,PO Receipt,50,337566.0564,PO000024,POL0000024,B2506025,2027-06-25
IM00000107,2025-06-25,WH01,P005,Sales Issue,-12,460100.0,SO000021,SOL0000038,,
IM00000108,2025-06-25,WH01,P003,Sales Issue,-27,310800.0,SO000021,SOL0000040,,
IM00000109,2025-06-26,WH01,P023,Sales Issue,-6,2626100.0,SO000076,SOL0000140,,
IM00000110,2025-06-27,WH01,P016,PO Receipt,32,367323.9212,PO000029,POL0000029,B2506030,2028-06-26
IM00000111,2025-06-27,WH01,P016,Sales Issue,-18,400400.0,SO000141,SOL0000254,,
IM00000112,2025-06-28,WH01,P004,PO Receipt,105,496634.9079159,PO000020,POL0000020,B2506021,2027-06-28
IM00000113,2025-06-28,WH01,P015,PO Receipt,12,96292.983,PO000028,POL0000028,B2506029,2028-06-27
IM00000114,2025-06-28,WH01,P005,PO Receipt,24,452628.4706,PO000033,POL0000033,B2506034,2027-06-28
IM00000115,2025-06-28,WH01,P004,Sales Issue,-54,472600.0,SO000046,SOL0000086,,
IM00000116,2025-06-28,WH01,P004,Sales Issue,-24,480200.0,SO000007,SOL0000012,,
IM00000117,2025-06-28,WH01,P004,Sales Issue,-10,449000.0,SO000116,SOL0000204,,
IM00000118,2025-06-28,WH01,P015,Sales Issue,-3,94500.0,SO000141,SOL0000255,,
IM00000119,2025-06-28,WH01,P004,Sales Issue,-8,456000.0,SO000075,SOL0000138,,
IM00000120,2025-06-28,WH01,P004,Sales Issue,-9,469400.0,SO000110,SOL0000192,,
IM00000121,2025-06-29,WH01,P014,PO Receipt,30,266969.5427,PO000027,POL0000027,B2506028,2028-06-28
IM00000122,2025-06-29,WH01,P014,Sales Issue,-16,299700.0,SO000141,SOL0000256,,
IM00000123,2025-06-30,WH01,P013,PO Receipt,65,257003.2907,PO000026,POL0000026,B2506027,2028-06-29
IM00000124,2025-06-30,WH01,P001,PO Receipt,72,466161.0407,PO000031,POL0000031,B2506032,2027-06-30
IM00000125,2025-06-30,WH01,P005,PO Receipt,16,452628.4706,PO000037,POL0000037,B2506038,2027-06-30
IM00000126,2025-06-30,WH01,P013,Sales Issue,-49,255800.0,SO000141,SOL0000253,,
IM00000127,2025-06-30,WH01,P001,Sales Issue,-17,464000.0,SO000110,SOL0000190,,
IM00000128,2025-07-01,WH01,P011,Sales Issue,-37,204700.0,SO000023,SOL0000042,,
IM00000129,2025-07-01,WH01,P007,Sales Issue,-30,120500.0,SO000023,SOL0000043,,
IM00000130,2025-07-02,WH01,P001,PO Receipt,57,478093.48998411,PO000021,POL0000021,B2506022,2027-07-02
IM00000131,2025-07-02,WH01,P003,PO Receipt,15,337566.0564,PO000030,POL0000030,B2506031,2027-07-02
IM00000132,2025-07-02,WH01,P021,Sales Issue,-28,98500.0,SO000077,SOL0000141,,
IM00000133,2025-07-02,WH01,P017,Sales Issue,-43,147500.0,SO000077,SOL0000142,,
IM00000134,2025-07-02,WH01,P018,Sales Issue,-31,219800.0,SO000077,SOL0000143,,
IM00000135,2025-07-04,WH01,P004,PO Receipt,24,496122.626844,PO000025,POL0000025,B2506026,2027-07-04
IM00000136,2025-07-04,WH01,P004,QA Rejection,-1,496122.626844,PO000025,POL0000025,B2506026,
IM00000137,2025-07-04,WH01,P006,PO Receipt,19,458389.7415,PO000035,POL0000035,B2506036,2028-07-03
IM00000138,2025-07-04,WH01,P004,Sales Issue,-6,469400.0,SO000110,SOL0000192,,
IM00000139,2025-07-07,WH01,P026,Cycle Count Adjustment,-3,3907000.0,ADJ,,,
IM00000140,2025-07-09,WH01,P003,PO Receipt,25,337566.0564,PO000036,POL0000036,B2506037,2027-07-09
IM00000141,2025-07-12,WH01,P011,PO Receipt,152,190590.2643,PO000041,POL0000041,B2507042,2027-07-12
IM00000142,2025-07-12,WH01,P011,Sales Issue,-116,204700.0,SO000023,SOL0000042,,
IM00000143,2025-07-19,WH01,P002,PO Receipt,56,301490.99407449,PO000032,POL0000032,B2506033,2027-07-19
IM00000144,2025-07-19,WH01,P002,PO Receipt,40,301467.51535626,PO000034,POL0000034,B2506035,2027-07-19
IM00000145,2025-07-19,WH01,P002,Sales Issue,-35,328400.0,SO000021,SOL0000037,,
IM00000146,2025-07-19,WH01,P001,Sales Issue,-17,450800.0,SO000134,SOL0000237,,
IM00000147,2025-07-23,WH01,P007,PO Receipt,52,111613.92165825001,PO000040,POL0000040,B2507041,2027-07-23
IM00000148,2025-07-23,WH01,P007,Sales Issue,-21,120500.0,SO000023,SOL0000043,,
IM00000149,2025-07-27,WH01,P017,PO Receipt,28,140324.5042,PO000042,POL0000042,B2507043,2027-07-27
IM00000150,2025-07-28,WH01,P014,Sales Issue,-14,302300.0,SO000048,SOL0000089,,
IM00000151,2025-07-28,WH01,P024,Sales Issue,-10,3609800.0,SO000008,SOL0000013,,
IM00000152,2025-07-30,WH01,P021,PO Receipt,180,84787.90803514,PO000044,POL0000044,B2507045,2027-07-30
IM00000153,2025-07-30,WH01,P021,Sales Issue,-152,98500.0,SO000077,SOL0000141,,
IM00000154,2025-07-30,WH01,P021,Sales Issue,-28,95300.0,SO000047,SOL0000088,,
IM00000155,2025-07-31,WH01,P018,PO Receipt,56,219800.82428694,PO000043,POL0000043,B2507044,2026-01-27
IM00000156,2025-07-31,WH01,P018,Sales Issue,-24,219800.0,SO000077,SOL0000143,,
IM00000157,2025-07-31,WH01,P018,Sales Issue,-32,223000.0,SO000047,SOL0000087,,
IM00000158,2025-08-01,WH01,P004,PO Receipt,33,495174.53439090005,PO000039,POL0000039,B2506040,2027-08-01
IM00000159,2025-08-02,WH01,P009,Sales Issue,-27,178000.0,SO000085,SOL0000154,,
IM00000160,2025-08-02,WH01,P011,Sales Issue,-16,204000.0,SO000085,SOL0000155,,
IM00000161,2025-08-03,WH01,P001,Sales Issue,-9,459900.0,SO000124,SOL0000216,,
IM00000162,2025-08-05,WH01,P026,Sales Issue,-3,3894700.0,SO000061,SOL0000114,,
IM00000163,2025-08-06,WH01,P001,Sales Issue,-16,462100.0,SO000024,SOL0000044,,
IM00000164,2025-08-06,WH01,P006,Sales Issue,-19,432200.0,SO000024,SOL0000045,,
IM00000165,2025-08-06,WH01,P005,Sales Issue,-42,462700.0,SO000024,SOL0000046,,
IM00000166,2025-08-08,WH01,P023,PO Receipt,10,2342875.69632571,PO000038,POL0000038,B2506039,2028-08-07
IM00000167,2025-08-08,WH01,P014,PO Receipt,18,266969.5427,PO000048,POL0000048,B2507049,2028-08-07
IM00000168,2025-08-08,WH01,P023,Sales Issue,-4,2626100.0,SO000076,SOL0000140,,
IM00000169,2025-08-08,WH01,P014,Sales Issue,-5,302300.0,SO000048,SOL0000089,,
IM00000170,2025-08-08,WH01,P023,Sales Issue,-6,2570600.0,SO000008,SOL0000014,,
IM00000171,2025-08-09,WH01,P001,PO Receipt,24,466161.0407,PO000053,POL0000053,B2508054,2027-08-09
IM00000172,2025-08-11,WH01,P004,Sales Issue,-8,458000.0,SO000025,SOL0000047,,
IM00000173,2025-08-11,WH01,P027,Sales Issue,-5,2957500.0,SO000117,SOL0000205,,
IM00000174,2025-08-12,WH01,P003,Sales Issue,-12,310900.0,SO000025,SOL0000048,,
IM00000175,2025-08-12,WH01,P010,Sales Issue,-30,263100.0,SO000049,SOL0000091,,
IM00000176,2025-08-14,WH01,P011,PO Receipt,16,190590.2643,PO000052,POL0000052,B2508053,2027-08-14
IM00000177,2025-08-14,WH01,P005,PO Receipt,40,452628.4706,PO000055,POL0000055,B2508056,2027-08-14
IM00000178,2025-08-14,WH01,P005,Sales Issue,-2,462700.0,SO000024,SOL0000046,,
IM00000179,2025-08-14,WH01,P025,Sales Issue,-4,3685500.0,SO000108,SOL0000187,,
IM00000180,2025-08-15,WH01,P022,Sales Issue,-5,1671000.0,SO000108,SOL0000188,,
IM00000181,2025-08-17,WH01,P018,PO Receipt,60,218553.0611706,PO000046,POL0000046,B2507047,2026-02-13
IM00000182,2025-08-17,WH01,P018,Sales Issue,-27,223000.0,SO000047,SOL0000087,,
IM00000183,2025-08-19,WH01,P006,PO Receipt,19,458389.7415,PO000056,POL0000056,B2508057,2028-08-18
IM00000184,2025-08-20,WH01,P009,PO Receipt,30,163226.27824342,PO000051,POL0000051,B2508052,2028-08-19
IM00000185,2025-08-20,WH01,P009,Sales Issue,-6,178000.0,SO000085,SOL0000154,,
IM00000186,2025-08-20,WH01,P009,Sales Issue,-23,186800.0,SO000049,SOL0000090,,
IM00000187,2025-08-20,WH01,P009,Sales Issue,-1,178400.0,SO000111,SOL0000194,,
IM00000188,2025-08-20,WH01,P008,Sales Issue,-18,255800.0,SO000111,SOL0000195,,
IM00000189,2025-08-20,WH01,P011,Sales Issue,-36,209400.0,SO000062,SOL0000115,,
IM00000190,2025-08-20,WH01,P001,Sales Issue,-48,463300.0,SO000106,SOL0000185,,
IM00000191,2025-08-21,WH01,P021,PO Receipt,65,97509.21784371999,PO000047,POL0000047,B2507048,2027-08-21
IM00000192,2025-08-21,WH01,P005,Cycle Count Adjustment,-3,461000.0,ADJ,,,
IM00000193,2025-08-21,WH01,P021,Sales Issue,-38,95300.0,SO000047,SOL0000088,,
IM00000194,2025-08-21,WH01,P008,Sales Issue,-14,270100.0,SO000062,SOL0000116,,
IM00000195,2025-08-22,WH01,P026,PO Receipt,4,4142308.5523305605,PO000045,POL0000045,B2507046,2028-08-21
IM00000196,2025-08-22,WH01,P026,Sales Issue,-4,3894700.0,SO000061,SOL0000114,,
IM00000197,2025-08-28,WH01,P001,PO Receipt,66,466161.0407,PO000063,POL0000063,B2508064,2027-08-28
IM00000198,2025-08-29,WH01,P009,PO Receipt,24,162749.09476182,PO000057,POL0000057,B2508058,2028-08-28
IM00000199,2025-08-29,WH01,P009,Sales Issue,-24,178400.0,SO000111,SOL0000194,,
IM00000200,2025-08-31,WH01,P011,PO Receipt,64,190590.2643,PO000066,POL0000066,B2508067,2027-08-31
IM00000201,2025-08-31,WH01,P011,Sales Issue,-28,209400.0,SO000062,SOL0000115,,
IM00000202,2025-09-07,WH01,P009,PO Receipt,32,163106.8816251,PO000065,POL0000065,B2508066,2028-09-06
IM00000203,2025-09-07,WH01,P009,Sales Issue,-8,178400.0,SO000111,SOL0000194,,
IM00000204,2025-09-10,WH01,P005,Sales Issue,-7,468800.0,SO000112,SOL0000196,,
IM00000205,2025-09-11,WH01,P024,PO Receipt,28,3345177.0186129,PO000050,POL0000050,B2507051,2028-09-10
IM00000206,2025-09-11,WH01,P025,PO Receipt,36,3386658.21044454,PO000061,POL0000061,B2508062,2028-09-10
IM00000207,2025-09-11,WH01,P024,Sales Issue,-18,3609800.0,SO000008,SOL0000013,,
IM00000208,2025-09-11,WH01,P025,Sales Issue,-32,3685500.0,SO000108,SOL0000187,,
IM00000209,2025-09-11,WH01,P004,Sales Issue,-25,476700.0,SO000026,SOL0000049,,
IM00000210,2025-09-12,WH01,P023,PO Receipt,10,2323442.68243886,PO000049,POL0000049,B2507050,2028-09-11
IM00000211,2025-09-12,WH01,P023,Sales Issue,-4,2570600.0,SO000008,SOL0000014,,
IM00000212,2025-09-12,WH01,P023,Sales Issue,-6,2596700.0,SO000117,SOL0000206,,
IM00000213,2025-09-15,WH01,P005,PO Receipt,8,452628.4706,PO000068,POL0000068,B2509069,2027-09-15
IM00000214,2025-09-16,WH01,P026,PO Receipt,28,4127497.4061901104,PO000054,POL0000054,B2508055,2028-09-15
IM00000215,2025-09-16,WH01,P026,Sales Issue,-22,3894700.0,SO000061,SOL0000114,,
IM00000216,2025-09-21,WH01,P010,PO Receipt,78,233516.8682496,PO000060,POL0000060,B2508061,2026-09-21
IM00000217,2025-09-21,WH01,P010,Sales Issue,-52,263100.0,SO000049,SOL0000091,,
IM00000218,2025-09-21,WH01,P010,Sales Issue,-26,249400.0,SO000063,SOL0000117,,
IM00000219,2025-09-23,WH01,P005,Sales Issue,-7,462900.0,SO000159,SOL0000285,,
IM00000220,2025-09-24,WH01,P002,Sales Issue,-10,327300.0,SO000086,SOL0000157,,
IM00000221,2025-09-24,WH01,P004,Sales Issue,-15,459800.0,SO000086,SOL0000158,,
IM00000222,2025-09-25,WH01,P003,Sales Issue,-32,322000.0,SO000086,SOL0000156,,
IM00000223,2025-09-26,WH01,P027,PO Receipt,10,3031293.24131676,PO000059,POL0000059,B2508060,2028-09-25
IM00000224,2025-09-26,WH01,P008,PO Receipt,156,259723.72171813998,PO000067,POL0000067,B2508068,2027-09-26
IM00000225,2025-09-26,WH01,P027,Sales Issue,-5,2957500.0,SO000117,SOL0000205,,
IM00000226,2025-09-26,WH01,P008,Sales Issue,-138,270100.0,SO000062,SOL0000116,,
IM00000227,2025-09-28,WH01,P008,PO Receipt,12,259682.46067905,PO000064,POL0000064,B2508065,2027-09-28
IM00000228,2025-10-03,WH01,P004,PO Receipt,34,487348.60007339995,PO000069,POL0000069,B2509070,2027-10-03
IM00000229,2025-10-04,WH01,P023,PO Receipt,15,2315660.40735099,PO000058,POL0000058,B2508059,2028-10-03
IM00000230,2025-10-04,WH01,P023,Sales Issue,-7,2596700.0,SO000117,SOL0000206,,
IM00000231,2025-10-06,WH01,P016,Sales Issue,-14,406300.0,SO000050,SOL0000094,,
IM00000232,2025-10-06,WH01,P013,Sales Issue,-16,260100.0,SO000050,SOL0000095,,
IM00000233,2025-10-06,WH01,P001,Sales Issue,-11,452900.0,SO000135,SOL0000238,,
IM00000234,2025-10-06,WH01,P002,Sales Issue,-5,314300.0,SO000135,SOL0000239,,
IM00000235,2025-10-07,WH01,P015,Sales Issue,-9,93700.0,SO000050,SOL0000092,,
IM00000236,2025-10-07,WH01,P014,Sales Issue,-13,292000.0,SO000050,SOL0000093,,
IM00000237,2025-10-07,WH01,P001,Sales Issue,-29,485600.0,SO000129,SOL0000224,,
IM00000238,2025-10-08,WH01,P003,PO Receipt,45,337566.0564,PO000072,POL0000072,B2509073,2027-10-08
IM00000239,2025-10-09,WH01,P022,PO Receipt,16,1566851.29472333,PO000062,POL0000062,B2508063,2028-10-08
IM00000240,2025-10-09,WH01,P022,Sales Issue,-10,1671000.0,SO000108,SOL0000188,,
IM00000241,2025-10-09,WH01,P032,Sales Issue,-4,14568600.0,SO000066,SOL0000123,,
IM00000242,2025-10-11,WH01,P001,Sales Issue,-33,476700.0,SO000118,SOL0000207,,
IM00000243,2025-10-11,WH01,P001,Sales Issue,-16,471200.0,SO000028,SOL0000051,,
IM00000244,2025-10-11,WH01,P006,Sales Issue,-22,446500.0,SO000028,SOL0000052,,
IM00000245,2025-10-12,WH01,P002,Sales Issue,-8,312500.0,SO000027,SOL0000050,,
IM00000246,2025-10-14,WH01,P013,PO Receipt,84,243349.6941,PO000074,POL0000074,B2510075,2028-10-13
IM00000247,2025-10-14,WH01,P013,Sales Issue,-70,260100.0,SO000050,SOL0000095,,
IM00000248,2025-10-15,WH01,P004,PO Receipt,15,487371.2219649,PO000071,POL0000071,B2509072,2027-10-15
IM00000249,2025-10-15,WH01,P015,PO Receipt,12,96811.3957,PO000078,POL0000078,B2510079,2028-10-14
IM00000250,2025-10-15,WH01,P015,Sales Issue,-2,93700.0,SO000050,SOL0000092,,
IM00000251,2025-10-17,WH01,P001,PO Receipt,40,464057.7235,PO000076,POL0000076,B2510077,2027-10-17
IM00000252,2025-10-17,WH01,P014,PO Receipt,44,305913.9306,PO000077,POL0000077,B2510078,2028-10-16
IM00000253,2025-10-17,WH01,P006,PO Receipt,22,463758.5862,PO000080,POL0000080,B2510081,2028-10-16
IM00000254,2025-10-17,WH01,P014,Sales Issue,-28,292000.0,SO000050,SOL0000093,,
IM00000255,2025-10-17,WH01,P022,Sales Issue,-4,1677300.0,SO000009,SOL0000015,,
IM00000256,2025-10-18,WH01,P025,Sales Issue,-3,3768300.0,SO000064,SOL0000118,,
IM00000257,2025-10-18,WH01,P027,Sales Issue,-5,2978500.0,SO000064,SOL0000119,,
IM00000258,2025-10-18,WH01,P022,Sales Issue,-2,1661600.0,SO000064,SOL0000120,,
IM00000259,2025-10-18,WH01,P023,Sales Issue,-8,2571900.0,SO000064,SOL0000121,,
IM00000260,2025-10-20,WH01,P003,Sales Issue,-16,313200.0,SO000113,SOL0000199,,
IM00000261,2025-10-21,WH01,P005,Sales Issue,-20,464500.0,SO000113,SOL0000197,,
IM00000262,2025-10-21,WH01,P002,Sales Issue,-27,323100.0,SO000113,SOL0000198,,
IM00000263,2025-10-21,WH01,P001,Sales Issue,-5,450600.0,SO000114,SOL0000200,,
IM00000264,2025-10-24,WH01,P010,PO Receipt,106,231712.25975949998,PO000070,POL0000070,B2509071,2026-10-24
IM00000265,2025-10-24,WH01,P010,Sales Issue,-81,249400.0,SO000063,SOL0000117,,
IM00000266,2025-10-24,WH01,P009,Sales Issue,-24,190100.0,SO000088,SOL0000161,,
IM00000267,2025-10-26,WH01,P002,PO Receipt,18,307391.83821306995,PO000073,POL0000073,B2510074,2027-10-26
IM00000268,2025-10-26,WH01,P002,QA Rejection,-1,307391.83821306995,PO000073,POL0000073,B2510074,
IM00000269,2025-10-26,WH01,P016,PO Receipt,40,374249.1981,PO000075,POL0000075,B2510076,2028-10-25
IM00000270,2025-10-26,WH01,P016,Sales Issue,-23,406300.0,SO000050,SOL0000094,,
IM00000271,2025-10-27,WH01,P003,Sales Issue,-13,317400.0,SO000029,SOL0000053,,
IM00000272,2025-10-29,WH01,P024,Sales Issue,-10,3503700.0,SO000065,SOL0000122,,
IM00000273,2025-10-30,WH01,P005,PO Receipt,32,450772.4339,PO000088,POL0000088,B2510089,2027-10-30
IM00000274,2025-11-03,WH01,P014,Sales Issue,-16,299100.0,SO000142,SOL0000258,,
IM00000275,2025-11-03,WH01,P015,Sales Issue,-10,93000.0,SO000142,SOL0000259,,
IM00000276,2025-11-04,WH01,P001,PO Receipt,48,472441.25082022994,PO000079,POL0000079,B2510080,2027-11-04
IM00000277,2025-11-04,WH01,P012,Sales Issue,-26,263400.0,SO000142,SOL0000257,,
IM00000278,2025-11-05,WH01,P006,Sales Issue,-9,428900.0,SO000051,SOL0000097,,
IM00000279,2025-11-06,WH01,P001,Sales Issue,-27,481700.0,SO000051,SOL0000096,,
IM00000280,2025-11-07,WH01,P006,Sales Issue,-25,453400.0,SO000087,SOL0000159,,
IM00000281,2025-11-07,WH01,P005,Sales Issue,-14,460000.0,SO000087,SOL0000160,,
IM00000282,2025-11-11,WH01,P002,PO Receipt,36,307781.01550448,PO000087,POL0000087,B2510088,2027-11-11
IM00000283,2025-11-11,WH01,P015,PO Receipt,14,96811.3957,PO000092,POL0000092,B2511093,2028-11-10
IM00000284,2025-11-11,WH01,P015,Sales Issue,-5,93000.0,SO000142,SOL0000259,,
IM00000285,2025-11-12,WH01,P001,Sales Issue,-22,472500.0,SO000102,SOL0000180,,
IM00000286,2025-11-14,WH01,P014,PO Receipt,56,272999.5727,PO000091,POL0000091,B2511092,2028-11-13
IM00000287,2025-11-14,WH01,P001,PO Receipt,32,464057.7235,PO000094,POL0000094,B2511095,2027-11-14
IM00000288,2025-11-14,WH01,P014,Sales Issue,-43,299100.0,SO000142,SOL0000258,,
IM00000289,2025-11-15,WH01,P003,PO Receipt,21,343349.77739496,PO000086,POL0000086,B2510087,2027-11-15
IM00000290,2025-11-15,WH01,P009,PO Receipt,45,170570.14640371,PO000089,POL0000089,B2510090,2028-11-14
IM00000291,2025-11-15,WH01,P009,Sales Issue,-21,190100.0,SO000088,SOL0000161,,
IM00000292,2025-11-15,WH01,P001,Sales Issue,-12,455100.0,SO000079,SOL0000146,,
IM00000293,2025-11-16,WH01,P005,Sales Issue,-17,444700.0,SO000079,SOL0000145,,
IM00000294,2025-11-16,WH01,P006,Sales Issue,-6,443600.0,SO000079,SOL0000147,,
IM00000295,2025-11-17,WH01,P005,PO Receipt,8,450772.4339,PO000095,POL0000095,B2511096,2027-11-17
IM00000296,2025-11-19,WH01,P009,Sales Issue,-24,187400.0,SO000089,SOL0000162,,
IM00000297,2025-11-20,WH01,P011,Sales Issue,-16,209600.0,SO000089,SOL0000163,,
IM00000298,2025-11-22,WH01,P005,Sales Issue,-8,448500.0,SO000160,SOL0000286,,
IM00000299,2025-11-24,WH01,P001,PO Receipt,36,464057.7235,PO000097,POL0000097,B2511098,2027-11-24
IM00000300,2025-11-25,WH01,P005,PO Receipt,24,450772.4339,PO000098,POL0000098,B2511099,2027-11-25
IM00000301,2025-11-25,WH01,P001,Sales Issue,-10,487000.0,SO000078,SOL0000144,,
IM00000302,2025-11-25,WH01,P001,Sales Issue,-52,452300.0,SO000052,SOL0000098,,
IM00000303,2025-11-26,WH01,P003,Sales Issue,-28,304300.0,SO000052,SOL0000099,,
IM00000304,2025-11-29,WH01,P027,PO Receipt,33,3143711.89913665,PO000085,POL0000085,B2510086,2028-11-28
IM00000305,2025-11-29,WH01,P027,Sales Issue,-27,2978500.0,SO000064,SOL0000119,,
IM00000306,2025-11-29,WH01,P006,Sales Issue,-14,443600.0,SO000010,SOL0000016,,
IM00000307,2025-11-30,WH01,P001,Sales Issue,-23,451600.0,SO000136,SOL0000240,,
IM00000308,2025-11-30,WH01,P005,Sales Issue,-34,467300.0,SO000136,SOL0000242,,
IM00000309,2025-11-30,WH01,P002,Sales Issue,-25,331000.0,SO000136,SOL0000243,,
IM00000310,2025-12-01,WH01,P022,PO Receipt,4,1615208.45924003,PO000081,POL0000081,B2510082,2028-11-30
IM00000311,2025-12-01,WH01,P022,QA Rejection,-1,1615208.45924003,PO000081,POL0000081,B2510082,
IM00000312,2025-12-01,WH01,P012,PO Receipt,75,281247.2222,PO000093,POL0000093,B2511094,2028-11-30
IM00000313,2025-12-01,WH01,P022,Sales Issue,-3,1661600.0,SO000064,SOL0000120,,
IM00000314,2025-12-01,WH01,P012,Sales Issue,-48,263400.0,SO000142,SOL0000257,,
IM00000315,2025-12-02,WH01,P023,PO Receipt,10,2257202.45616243,PO000083,POL0000083,B2510084,2028-12-01
IM00000316,2025-12-02,WH01,P025,PO Receipt,3,3728383.60994428,PO000084,POL0000084,B2510085,2028-12-01
IM00000317,2025-12-02,WH01,P011,PO Receipt,15,193383.9082,PO000100,POL0000100,B2511101,2027-12-02
IM00000318,2025-12-02,WH01,P023,Sales Issue,-5,2571900.0,SO000064,SOL0000121,,
IM00000319,2025-12-03,WH01,P001,PO Receipt,60,464057.7235,PO000101,POL0000101,B2511102,2027-12-03
IM00000320,2025-12-05,WH01,P006,PO Receipt,34,482707.99315152003,PO000096,POL0000096,B2511097,2028-12-04
IM00000321,2025-12-05,WH01,P006,PO Receipt,51,463758.5862,PO000103,POL0000103,B2511104,2028-12-04
IM00000322,2025-12-05,WH01,P006,Sales Issue,-31,443600.0,SO000010,SOL0000016,,
IM00000323,2025-12-05,WH01,P006,Sales Issue,-23,440700.0,SO000136,SOL0000241,,
IM00000324,2025-12-07,WH01,P022,PO Receipt,8,1616461.52977823,PO000082,POL0000082,B2510083,2028-12-06
IM00000325,2025-12-07,WH01,P022,Sales Issue,-5,1661600.0,SO000064,SOL0000120,,
IM00000326,2025-12-08,WH01,P001,Sales Issue,-11,479000.0,SO000155,SOL0000280,,
IM00000327,2025-12-09,WH01,P002,Sales Issue,-4,329500.0,SO000155,SOL0000279,,
IM00000328,2025-12-09,WH01,P015,Sales Issue,-9,90400.0,SO000119,SOL0000208,,
IM00000329,2025-12-09,WH01,P016,Sales Issue,-17,422200.0,SO000119,SOL0000209,,
IM00000330,2025-12-11,WH01,P009,PO Receipt,102,170953.23740432,PO000099,POL0000099,B2511100,2028-12-10
IM00000331,2025-12-11,WH01,P006,PO Receipt,23,463758.5862,PO000108,POL0000108,B2512109,2028-12-10
IM00000332,2025-12-11,WH01,P009,Sales Issue,-78,187400.0,SO000089,SOL0000162,,
IM00000333,2025-12-11,WH01,P001,Sales Issue,-6,470100.0,SO000115,SOL0000201,,
IM00000334,2025-12-12,WH01,P004,Sales Issue,-51,462900.0,SO000115,SOL0000202,,
IM00000335,2025-12-13,WH01,P005,PO Receipt,40,450772.4339,PO000106,POL0000106,B2511107,2027-12-13
IM00000336,2025-12-13,WH01,P005,Sales Issue,-5,467300.0,SO000136,SOL0000242,,
IM00000337,2025-12-14,WH01,P003,PO Receipt,36,342178.2925,PO000102,POL0000102,B2511103,2027-12-14
IM00000338,2025-12-14,WH01,P009,Sales Issue,-24,192400.0,SO000162,SOL0000288,,
IM00000339,2025-12-18,WH01,P001,Sales Issue,-43,456800.0,SO000165,SOL0000291,,
IM00000340,2025-12-19,WH01,P024,PO Receipt,15,3492763.8968041497,PO000090,POL0000090,B2510091,2028-12-18
IM00000341,2025-12-19,WH01,P024,Sales Issue,-7,3503700.0,SO000065,SOL0000122,,
IM00000342,2025-12-21,WH01,P024,Sales Issue,-8,3557200.0,SO000080,SOL0000148,,
IM00000343,2025-12-22,WH01,P009,PO Receipt,41,178471.6381,PO000112,POL0000112,B2512113,2028-12-21
IM00000344,2025-12-22,WH01,P009,Sales Issue,-17,192400.0,SO000162,SOL0000288,,
IM00000345,2025-12-23,WH01,P001,PO Receipt,24,475477.37005373,PO000104,POL0000104,B2511105,2027-12-23
IM00000346,2025-12-23,WH01,P002,PO Receipt,24,309309.19531236996,PO000105,POL0000105,B2511106,2027-12-23
IM00000347,2025-12-25,WH01,P015,PO Receipt,27,81434.6583,PO000109,POL0000109,B2512110,2028-12-24
IM00000348,2025-12-25,WH01,P015,Sales Issue,-16,90400.0,SO000119,SOL0000208,,
IM00000349,2025-12-25,WH01,P001,Sales Issue,-10,480800.0,SO000081,SOL0000149,,
IM00000350,2025-12-26,WH01,P001,PO Receipt,60,464057.7235,PO000113,POL0000113,B2512114,2027-12-26
IM00000351,2025-12-26,WH01,P019,Sales Issue,-7,205600.0,SO000030,SOL0000054,,
IM00000352,2025-12-26,WH01,P017,Sales Issue,-32,145400.0,SO000030,SOL0000055,,
IM00000353,2025-12-30,WH01,P020,Sales Issue,-22,263100.0,SO000092,SOL0000167,,
IM00000354,2025-12-31,WH01,P016,PO Receipt,40,374249.1981,PO000110,POL0000110,B2512111,2028-12-30
IM00000355,2025-12-31,WH01,P016,Sales Issue,-24,422200.0,SO000119,SOL0000209,,
IM00000356,2025-12-31,WH01,P021,Sales Issue,-27,95200.0,SO000092,SOL0000166,,
IM00000357,2026-01-02,WH01,P007,Sales Issue,-31,124600.0,SO000137,SOL0000244,,
IM00000358,2026-01-03,WH01,P012,Sales Issue,-27,256000.0,SO000125,SOL0000217,,
IM00000359,2026-01-04,WH01,P018,Sales Issue,-33,223800.0,SO000091,SOL0000165,,
IM00000360,2026-01-05,WH01,P004,PO Receipt,170,481660.00207920006,PO000111,POL0000111,B2512112,2028-01-05
IM00000361,2026-01-05,WH01,P017,PO Receipt,122,148051.1272,PO000116,POL0000116,B2512117,2028-01-05
IM00000362,2026-01-05,WH01,P004,Sales Issue,-119,462900.0,SO000115,SOL0000202,,
IM00000363,2026-01-05,WH01,P017,Sales Issue,-90,145400.0,SO000030,SOL0000055,,
IM00000364,2026-01-05,WH01,P004,Sales Issue,-21,458600.0,SO000090,SOL0000164,,
IM00000365,2026-01-05,WH01,P004,Sales Issue,-15,460300.0,SO000011,SOL0000017,,
IM00000366,2026-01-05,WH01,P001,Sales Issue,-8,480700.0,SO000011,SOL0000018,,
IM00000367,2026-01-06,WH01,P005,Sales Issue,-18,469400.0,SO000031,SOL0000056,,
IM00000368,2026-01-06,WH01,P009,Sales Issue,-20,181600.0,SO000130,SOL0000225,,
IM00000369,2026-01-06,WH01,P010,Sales Issue,-25,267800.0,SO000130,SOL0000226,,
IM00000370,2026-01-06,WH01,P008,Sales Issue,-30,255700.0,SO000130,SOL0000227,,
IM00000371,2026-01-07,WH01,P001,Cycle Count Adjustment,-3,469000.0,ADJ,,,
IM00000372,2026-01-07,WH01,P011,Sales Issue,-15,206900.0,SO000130,SOL0000228,,
IM00000373,2026-01-08,WH01,P018,PO Receipt,112,254084.5737,PO000122,POL0000122,B2601123,2026-07-07
IM00000374,2026-01-08,WH01,P018,Sales Issue,-81,223800.0,SO000091,SOL0000165,,
IM00000375,2026-01-11,WH01,P020,PO Receipt,112,260658.9066,PO000118,POL0000118,B2512119,2027-01-11
IM00000376,2026-01-11,WH01,P020,Sales Issue,-87,263100.0,SO000092,SOL0000167,,
IM00000377,2026-01-13,WH01,P007,PO Receipt,54,134824.6359,PO000120,POL0000120,B2601121,2028-01-13
IM00000378,2026-01-13,WH01,P007,Sales Issue,-25,124600.0,SO000137,SOL0000244,,
IM00000379,2026-01-14,WH01,P012,PO Receipt,45,281247.2222,PO000121,POL0000121,B2601122,2029-01-13
IM00000380,2026-01-14,WH01,P012,Sales Issue,-20,256000.0,SO000125,SOL0000217,,
IM00000381,2026-01-15,WH01,P001,Sales Issue,-35,471100.0,SO000131,SOL0000229,,
IM00000382,2026-01-15,WH01,P006,Sales Issue,-54,426500.0,SO000131,SOL0000231,,
IM00000383,2026-01-16,WH01,P011,PO Receipt,15,193383.9082,PO000128,POL0000128,B2601129,2028-01-16
IM00000384,2026-01-16,WH01,P003,Sales Issue,-11,314600.0,SO000131,SOL0000230,,
IM00000385,2026-01-18,WH01,P002,Sales Issue,-14,308900.0,SO000053,SOL0000100,,
IM00000386,2026-01-19,WH01,P004,PO Receipt,21,484548.1089162,PO000115,POL0000115,B2512116,2028-01-19
IM00000387,2026-01-19,WH01,P003,Sales Issue,-20,309100.0,SO000032,SOL0000059,,
IM00000388,2026-01-19,WH01,P002,Sales Issue,-23,308400.0,SO000032,SOL0000060,,
IM00000389,2026-01-20,WH01,P004,Sales Issue,-35,472300.0,SO000032,SOL0000057,,
IM00000390,2026-01-20,WH01,P001,Sales Issue,-16,461300.0,SO000032,SOL0000058,,
IM00000391,2026-01-21,WH01,P005,Damage Adjustment,-2,461000.0,ADJ,,,
IM00000392,2026-01-23,WH01,P002,PO Receipt,16,310229.8571,PO000131,POL0000131,B2601132,2028-01-23
IM00000393,2026-01-24,WH01,P006,PO Receipt,19,463758.5862,PO000132,POL0000132,B2601133,2029-01-23
IM00000394,2026-01-24,WH01,P006,Sales Issue,-19,426500.0,SO000131,SOL0000231,,
IM00000395,2026-01-26,WH01,P008,PO Receipt,152,256884.19151116,PO000125,POL0000125,B2601126,2028-01-26
IM00000396,2026-01-26,WH01,P008,Sales Issue,-121,255700.0,SO000130,SOL0000227,,
IM00000397,2026-01-28,WH01,P009,PO Receipt,20,171675.37474628,PO000126,POL0000126,B2601127,2029-01-27
IM00000398,2026-01-28,WH01,P009,QA Rejection,-1,171675.37474628,PO000126,POL0000126,B2601127,
IM00000399,2026-01-28,WH01,P022,Sales Issue,-3,1801800.0,SO000169,SOL0000295,,
IM00000400,2026-01-29,WH01,P004,PO Receipt,15,487854.8249554,PO000123,POL0000123,B2601124,2028-01-29
IM00000401,2026-01-29,WH01,P005,PO Receipt,24,417411.2909054,PO000124,POL0000124,B2601125,2028-01-29
IM00000402,2026-01-29,WH01,P023,Sales Issue,-5,2611400.0,SO000054,SOL0000102,,
IM00000403,2026-01-29,WH01,P027,Sales Issue,-6,2931900.0,SO000054,SOL0000103,,
IM00000404,2026-01-29,WH01,P001,Sales Issue,-40,460400.0,SO000103,SOL0000181,,
IM00000405,2026-01-30,WH01,P024,PO Receipt,18,3487573.5324712396,PO000114,POL0000114,B2512115,2029-01-29
IM00000406,2026-01-30,WH01,P024,Sales Issue,-10,3557200.0,SO000080,SOL0000148,,
IM00000407,2026-01-31,WH01,P022,PO Receipt,4,1621692.36054297,PO000107,POL0000107,B2512108,2029-01-30
IM00000408,2026-01-31,WH01,P003,PO Receipt,30,342178.2925,PO000134,POL0000134,B2601135,2028-01-31
IM00000409,2026-01-31,WH01,P022,Sales Issue,-2,1801800.0,SO000169,SOL0000295,,
IM00000410,2026-02-01,WH01,P021,PO Receipt,30,88391.66019175999,PO000119,POL0000119,B2512120,2028-02-01
IM00000411,2026-02-01,WH01,P021,Sales Issue,-3,95200.0,SO000092,SOL0000166,,
IM00000412,2026-02-02,WH01,P019,PO Receipt,28,199132.6456708,PO000117,POL0000117,B2512118,2027-02-02
IM00000413,2026-02-02,WH01,P019,QA Rejection,-1,199132.6456708,PO000117,POL0000117,B2512118,
IM00000414,2026-02-02,WH01,P019,Sales Issue,-22,205600.0,SO000030,SOL0000054,,
IM00000415,2026-02-02,WH01,P002,Sales Issue,-12,311100.0,SO000093,SOL0000168,,
IM00000416,2026-02-04,WH01,P006,PO Receipt,15,463758.5862,PO000138,POL0000138,B2601139,2029-02-03
IM00000417,2026-02-04,WH01,P006,Sales Issue,-4,426500.0,SO000131,SOL0000231,,
IM00000418,2026-02-04,WH01,P006,Sales Issue,-11,425400.0,SO000053,SOL0000101,,
IM00000419,2026-02-07,WH01,P001,PO Receipt,54,476344.16665796,PO000129,POL0000129,B2601130,2028-02-07
IM00000420,2026-02-07,WH01,P001,PO Receipt,80,464057.7235,PO000137,POL0000137,B2601138,2028-02-07
IM00000421,2026-02-07,WH01,P001,Sales Issue,-23,460400.0,SO000103,SOL0000181,,
IM00000422,2026-02-07,WH01,P001,Sales Issue,-20,472600.0,SO000153,SOL0000276,,
IM00000423,2026-02-08,WH01,P002,PO Receipt,24,310191.89794051996,PO000133,POL0000133,B2601134,2028-02-08
IM00000424,2026-02-11,WH01,P018,Sales Issue,-31,228800.0,SO000126,SOL0000218,,
IM00000425,2026-02-11,WH01,P017,Sales Issue,-32,143800.0,SO000126,SOL0000219,,
IM00000426,2026-02-12,WH01,P006,PO Receipt,78,492647.47913888004,PO000130,POL0000130,B2601131,2029-02-11
IM00000427,2026-02-12,WH01,P006,Sales Issue,-9,425400.0,SO000053,SOL0000101,,
IM00000428,2026-02-12,WH01,P006,Sales Issue,-15,442100.0,SO000103,SOL0000182,,
IM00000429,2026-02-15,WH01,P010,PO Receipt,96,237481.20176212,PO000127,POL0000127,B2601128,2027-02-15
IM00000430,2026-02-15,WH01,P010,QA Rejection,-4,237481.20176212,PO000127,POL0000127,B2601128,
IM00000431,2026-02-15,WH01,P010,Sales Issue,-71,267800.0,SO000130,SOL0000226,,
IM00000432,2026-02-16,WH01,P004,PO Receipt,35,488668.5220004,PO000135,POL0000135,B2601136,2028-02-16
IM00000433,2026-02-19,WH01,P016,Sales Issue,-16,422500.0,SO000177,SOL0000304,,
IM00000434,2026-02-19,WH01,P015,Sales Issue,-11,89600.0,SO000177,SOL0000305,,
IM00000435,2026-02-21,WH01,P017,PO Receipt,68,148051.1272,PO000142,POL0000142,B2602143,2028-02-21
IM00000436,2026-02-21,WH01,P002,Cycle Count Adjustment,-2,321000.0,ADJ,,,
IM00000437,2026-02-21,WH01,P017,Sales Issue,-37,143800.0,SO000126,SOL0000219,,
IM00000438,2026-02-21,WH01,P002,Sales Issue,-18,322500.0,SO000138,SOL0000245,,
IM00000439,2026-02-21,WH01,P003,Sales Issue,-56,311500.0,SO000138,SOL0000246,,
IM00000440,2026-02-24,WH01,P001,Sales Issue,-16,472300.0,SO000167,SOL0000293,,
IM00000441,2026-02-26,WH01,P016,PO Receipt,56,427182.4502,PO000145,POL0000145,B2602146,2029-02-25
IM00000442,2026-02-26,WH01,P016,Sales Issue,-39,422500.0,SO000177,SOL0000304,,
IM00000443,2026-02-26,WH01,P006,Sales Issue,-46,427700.0,SO000139,SOL0000247,,
IM00000444,2026-02-26,WH01,P005,Sales Issue,-39,442600.0,SO000139,SOL0000248,,
IM00000445,2026-02-26,WH01,P002,Sales Issue,-30,309500.0,SO000139,SOL0000249,,
IM00000446,2026-02-27,WH01,P015,PO Receipt,28,96811.3957,PO000144,POL0000144,B2602145,2029-02-26
IM00000447,2026-02-27,WH01,P015,Sales Issue,-19,89600.0,SO000177,SOL0000305,,
IM00000448,2026-03-01,WH01,P019,PO Receipt,5,207275.86379081,PO000141,POL0000141,B2602142,2027-03-01
IM00000449,2026-03-04,WH01,P001,PO Receipt,36,464057.7235,PO000148,POL0000148,B2602149,2028-03-03
IM00000450,2026-03-06,WH01,P003,Sales Issue,-9,316800.0,SO000109,SOL0000189,,
IM00000451,2026-03-07,WH01,P005,PO Receipt,48,450772.4339,PO000150,POL0000150,B2602151,2028-03-06
IM00000452,2026-03-07,WH01,P005,Sales Issue,-6,442600.0,SO000139,SOL0000248,,
IM00000453,2026-03-08,WH01,P005,Sales Issue,-8,464700.0,SO000082,SOL0000150,,
IM00000454,2026-03-08,WH01,P010,Sales Issue,-21,254500.0,SO000094,SOL0000169,,
IM00000455,2026-03-09,WH01,P018,PO Receipt,42,225949.01715813,PO000143,POL0000143,B2602144,2026-09-05
IM00000456,2026-03-09,WH01,P003,PO Receipt,60,342178.2925,PO000147,POL0000147,B2602148,2028-03-08
IM00000457,2026-03-09,WH01,P018,Sales Issue,-12,228800.0,SO000126,SOL0000218,,
IM00000458,2026-03-09,WH01,P003,Sales Issue,-38,325000.0,SO000082,SOL0000151,,
IM00000459,2026-03-11,WH01,P001,Sales Issue,-39,472700.0,SO000120,SOL0000210,,
IM00000460,2026-03-11,WH01,P003,Sales Issue,-12,310400.0,SO000120,SOL0000211,,
IM00000461,2026-03-12,WH01,P005,Sales Issue,-24,455800.0,SO000033,SOL0000062,,
IM00000462,2026-03-13,WH01,P017,Sales Issue,-31,146300.0,SO000179,SOL0000307,,
IM00000463,2026-03-14,WH01,P022,PO Receipt,4,1636074.4257080902,PO000136,POL0000136,B2601137,2029-03-13
IM00000464,2026-03-14,WH01,P023,PO Receipt,10,2285071.54637643,PO000139,POL0000139,B2601140,2029-03-13
IM00000465,2026-03-14,WH01,P002,PO Receipt,36,312582.92222382,PO000146,POL0000146,B2602147,2028-03-13
IM00000466,2026-03-14,WH01,P023,Sales Issue,-1,2611400.0,SO000054,SOL0000102,,
IM00000467,2026-03-14,WH01,P002,Sales Issue,-19,309500.0,SO000139,SOL0000249,,
IM00000468,2026-03-14,WH01,P002,Sales Issue,-13,330300.0,SO000033,SOL0000061,,
IM00000469,2026-03-18,WH01,P002,PO Receipt,48,312082.22554625996,PO000149,POL0000149,B2602150,2028-03-17
IM00000470,2026-03-18,WH01,P002,Sales Issue,-6,334400.0,SO000156,SOL0000281,,
IM00000471,2026-03-19,WH01,P003,PO Receipt,48,342178.2925,PO000152,POL0000152,B2603153,2028-03-18
IM00000472,2026-03-19,WH01,P001,PO Receipt,40,464057.7235,PO000154,POL0000154,B2603155,2028-03-18
IM00000473,2026-03-20,WH01,P003,Sales Issue,-23,326200.0,SO000151,SOL0000273,,
IM00000474,2026-03-20,WH01,P001,Sales Issue,-20,468400.0,SO000151,SOL0000274,,
IM00000475,2026-03-21,WH01,P002,Sales Issue,-12,325900.0,SO000127,SOL0000220,,
IM00000476,2026-03-23,WH01,P006,PO Receipt,46,450650.50390853995,PO000151,POL0000151,B2602152,2029-03-22
IM00000477,2026-03-23,WH01,P005,PO Receipt,32,450772.4339,PO000155,POL0000155,B2603156,2028-03-22
IM00000478,2026-03-23,WH01,P017,PO Receipt,168,148051.1272,PO000156,POL0000156,B2603157,2028-03-22
IM00000479,2026-03-23,WH01,P017,Sales Issue,-137,146300.0,SO000179,SOL0000307,,
IM00000480,2026-03-24,WH01,P027,PO Receipt,12,3182526.49030665,PO000140,POL0000140,B2601141,2029-03-23
IM00000481,2026-03-24,WH01,P027,Sales Issue,-5,2931900.0,SO000054,SOL0000103,,
IM00000482,2026-03-25,WH01,P002,Sales Issue,-8,317100.0,SO000161,SOL0000287,,
IM00000483,2026-04-01,WH01,P003,PO Receipt,30,342178.2925,PO000158,POL0000158,B2603159,2028-03-31
IM00000484,2026-04-01,WH01,P026,Sales Issue,-6,3848600.0,SO000067,SOL0000124,,
IM00000485,2026-04-01,WH01,P012,Sales Issue,-25,256800.0,SO000175,SOL0000302,,
IM00000486,2026-04-04,WH01,P001,Sales Issue,-26,473900.0,SO000164,SOL0000290,,
IM00000487,2026-04-08,WH01,P012,PO Receipt,44,287242.5753,PO000160,POL0000160,B2604161,2029-04-07
IM00000488,2026-04-08,WH01,P012,Sales Issue,-16,256800.0,SO000175,SOL0000302,,
IM00000489,2026-04-08,WH01,P002,Sales Issue,-26,332400.0,SO000068,SOL0000125,,
IM00000490,2026-04-08,WH01,P006,Sales Issue,-22,434100.0,SO000068,SOL0000126,,
IM00000491,2026-04-08,WH01,P012,Sales Issue,-28,262000.0,SO000176,SOL0000303,,
IM00000492,2026-04-09,WH01,P002,PO Receipt,18,312454.79500487,PO000157,POL0000157,B2603158,2028-04-08
IM00000493,2026-04-09,WH01,P002,Sales Issue,-3,332400.0,SO000068,SOL0000125,,
IM00000494,2026-04-11,WH01,P001,PO Receipt,44,486850.5765,PO000162,POL0000162,B2604163,2028-04-10
IM00000495,2026-04-11,WH01,P023,Sales Issue,-9,2560400.0,SO000034,SOL0000063,,
IM00000496,2026-04-11,WH01,P024,Sales Issue,-8,3504000.0,SO000034,SOL0000065,,
IM00000497,2026-04-11,WH01,P022,Sales Issue,-6,1663000.0,SO000034,SOL0000066,,
IM00000498,2026-04-14,WH01,P002,PO Receipt,18,312482.45589089,PO000159,POL0000159,B2603160,2028-04-13
IM00000499,2026-04-15,WH01,P012,PO Receipt,56,287242.5753,PO000164,POL0000164,B2604165,2029-04-14
IM00000500,2026-04-15,WH01,P012,Sales Issue,-30,262000.0,SO000176,SOL0000303,,
IM00000501,2026-04-17,WH01,P003,Sales Issue,-7,304500.0,SO000121,SOL0000212,,
IM00000502,2026-04-21,WH01,P021,Cycle Count Adjustment,-1,96000.0,ADJ,,,
IM00000503,2026-04-23,WH01,P002,Sales Issue,-14,309400.0,SO000170,SOL0000296,,
IM00000504,2026-04-24,WH01,P010,PO Receipt,30,239367.20609768003,PO000153,POL0000153,B2603154,2027-04-24
IM00000505,2026-04-24,WH01,P010,Sales Issue,-4,254500.0,SO000094,SOL0000169,,
IM00000506,2026-04-24,WH01,P002,Sales Issue,-11,330300.0,SO000163,SOL0000289,,
IM00000507,2026-04-26,WH01,P006,PO Receipt,22,466655.01044160005,PO000163,POL0000163,B2604164,2029-04-25
IM00000508,2026-04-26,WH01,P001,Sales Issue,-55,478200.0,SO000013,SOL0000022,,
IM00000509,2026-04-26,WH01,P004,Sales Issue,-17,482100.0,SO000140,SOL0000251,,
IM00000510,2026-04-26,WH01,P001,Sales Issue,-7,487500.0,SO000140,SOL0000252,,
IM00000511,2026-04-26,WH01,P019,Sales Issue,-10,204400.0,SO000178,SOL0000306,,
IM00000512,2026-04-27,WH01,P002,Sales Issue,-8,329600.0,SO000140,SOL0000250,,
IM00000513,2026-04-28,WH01,P002,PO Receipt,18,334460.1674,PO000170,POL0000170,B2604171,2028-04-27
IM00000514,2026-04-28,WH01,P002,Sales Issue,-18,329600.0,SO000140,SOL0000250,,
IM00000515,2026-04-28,WH01,P005,Sales Issue,-13,462700.0,SO000012,SOL0000021,,
IM00000516,2026-04-29,WH01,P004,Sales Issue,-34,472200.0,SO000012,SOL0000020,,
IM00000517,2026-04-30,WH01,P001,Sales Issue,-7,480400.0,SO000014,SOL0000023,,
IM00000518,2026-04-30,WH01,P003,Sales Issue,-58,306600.0,SO000014,SOL0000025,,
IM00000519,2026-05-03,WH01,P001,PO Receipt,64,486850.5765,PO000171,POL0000171,B2604172,2028-05-02
IM00000520,2026-05-03,WH01,P002,PO Receipt,42,334460.1674,PO000174,POL0000174,B2604175,2028-05-02
IM00000521,2026-05-03,WH01,P002,Sales Issue,-8,329600.0,SO000140,SOL0000250,,
IM00000522,2026-05-03,WH01,P002,Sales Issue,-34,312300.0,SO000012,SOL0000019,,
IM00000523,2026-05-06,WH01,P019,PO Receipt,18,235296.2715,PO000173,POL0000173,B2604174,2027-05-06
IM00000524,2026-05-06,WH01,P019,Sales Issue,-11,204400.0,SO000178,SOL0000306,,
IM00000525,2026-05-06,WH01,P012,Sales Issue,-26,251900.0,SO000035,SOL0000067,,
IM00000526,2026-05-06,WH01,P006,Sales Issue,-23,456100.0,SO000157,SOL0000283,,
IM00000527,2026-05-07,WH01,P003,PO Receipt,72,354940.1677,PO000176,POL0000176,B2604177,2028-05-06
IM00000528,2026-05-07,WH01,P003,Sales Issue,-5,306600.0,SO000014,SOL0000025,,
IM00000529,2026-05-10,WH01,P003,Sales Issue,-67,309600.0,SO000036,SOL0000068,,
IM00000530,2026-05-11,WH01,P001,Sales Issue,-61,473600.0,SO000069,SOL0000127,,
IM00000531,2026-05-12,WH01,P026,PO Receipt,24,4330935.0462244805,PO000161,POL0000161,B2604162,2029-05-11
IM00000532,2026-05-12,WH01,P026,Sales Issue,-19,3848600.0,SO000067,SOL0000124,,
IM00000533,2026-05-12,WH01,P026,Sales Issue,-5,3895000.0,SO000034,SOL0000064,,
IM00000534,2026-05-13,WH01,P012,PO Receipt,44,287242.5753,PO000184,POL0000184,B2605185,2029-05-12
IM00000535,2026-05-13,WH01,P012,Sales Issue,-17,251900.0,SO000035,SOL0000067,,
IM00000536,2026-05-15,WH01,P012,Sales Issue,-27,258900.0,SO000174,SOL0000301,,
IM00000537,2026-05-16,WH01,P002,PO Receipt,28,316538.22811472,PO000165,POL0000165,B2604166,2028-05-15
IM00000538,2026-05-16,WH01,P006,PO Receipt,23,478270.5275,PO000183,POL0000183,B2605184,2029-05-15
IM00000539,2026-05-16,WH01,P002,Sales Issue,-7,312300.0,SO000012,SOL0000019,,
IM00000540,2026-05-16,WH01,P002,Sales Issue,-21,315500.0,SO000014,SOL0000024,,
IM00000541,2026-05-17,WH01,P003,PO Receipt,102,354940.1677,PO000185,POL0000185,B2605186,2028-05-16
IM00000542,2026-05-17,WH01,P003,Sales Issue,-37,309600.0,SO000036,SOL0000068,,
IM00000543,2026-05-20,WH01,P001,PO Receipt,68,486850.5765,PO000186,POL0000186,B2605187,2028-05-19
IM00000544,2026-05-20,WH01,P001,QA Rejection,-1,486850.5765,PO000186,POL0000186,B2605187,
IM00000545,2026-05-21,WH01,P026,PO Receipt,21,4329044.61994512,PO000169,POL0000169,B2604170,2029-05-20
IM00000546,2026-05-21,WH01,P001,Cycle Count Adjustment,-3,469000.0,ADJ,,,
IM00000547,2026-05-21,WH01,P026,Sales Issue,-16,3895000.0,SO000034,SOL0000064,,
IM00000548,2026-05-22,WH01,P023,PO Receipt,12,2496096.54467766,PO000167,POL0000167,B2604168,2029-05-21
IM00000549,2026-05-22,WH01,P024,PO Receipt,12,3458497.3200522903,PO000168,POL0000168,B2604169,2029-05-21
IM00000550,2026-05-22,WH01,P012,PO Receipt,52,287242.5753,PO000188,POL0000188,B2605189,2029-05-21
IM00000551,2026-05-22,WH01,P023,Sales Issue,-5,2560400.0,SO000034,SOL0000063,,
IM00000552,2026-05-22,WH01,P024,Sales Issue,-4,3504000.0,SO000034,SOL0000065,,
IM00000553,2026-05-22,WH01,P012,Sales Issue,-24,258900.0,SO000174,SOL0000301,,
IM00000554,2026-05-23,WH01,P027,PO Receipt,4,3367154.73465282,PO000181,POL0000181,B2605182,2029-05-22
IM00000555,2026-05-23,WH01,P011,Sales Issue,-35,204200.0,SO000104,SOL0000183,,
IM00000556,2026-05-24,WH01,P004,PO Receipt,17,506188.12038852,PO000172,POL0000172,B2604173,2028-05-23
IM00000557,2026-05-24,WH01,P002,PO Receipt,70,317493.8845576,PO000182,POL0000182,B2605183,2028-05-23
IM00000558,2026-05-24,WH01,P004,Sales Issue,-17,472200.0,SO000012,SOL0000020,,
IM00000559,2026-05-24,WH01,P002,Sales Issue,-4,315500.0,SO000014,SOL0000024,,
IM00000560,2026-05-24,WH01,P002,Sales Issue,-9,332200.0,SO000171,SOL0000297,,
IM00000561,2026-05-24,WH01,P002,Sales Issue,-20,317100.0,SO000157,SOL0000282,,
IM00000562,2026-05-26,WH01,P022,PO Receipt,15,1609809.84863946,PO000166,POL0000166,B2604167,2029-05-25
IM00000563,2026-05-26,WH01,P022,Sales Issue,-10,1663000.0,SO000034,SOL0000066,,
IM00000564,2026-05-26,WH01,P020,Sales Issue,-24,269100.0,SO000038,SOL0000071,,
IM00000565,2026-05-27,WH01,P004,PO Receipt,51,505392.16731093,PO000175,POL0000175,B2604176,2028-05-26
IM00000566,2026-05-27,WH01,P004,Sales Issue,-8,467600.0,SO000036,SOL0000069,,
IM00000567,2026-05-27,WH01,P001,Sales Issue,-30,482800.0,SO000095,SOL0000170,,
IM00000568,2026-05-29,WH01,P001,Sales Issue,-22,491300.0,SO000150,SOL0000271,,
IM00000569,2026-05-29,WH01,P003,Sales Issue,-19,324700.0,SO000150,SOL0000272,,
IM00000570,2026-05-30,WH01,P011,PO Receipt,56,203308.766,PO000190,POL0000190,B2605191,2028-05-29
IM00000571,2026-05-30,WH01,P011,Sales Issue,-20,204200.0,SO000104,SOL0000183,,
IM00000572,2026-05-30,WH01,P001,Sales Issue,-6,456400.0,SO000037,SOL0000070,,
IM00000573,2026-05-30,WH01,P002,Sales Issue,-34,309400.0,SO000015,SOL0000027,,
IM00000574,2026-05-30,WH01,P006,Sales Issue,-36,427900.0,SO000015,SOL0000028,,
IM00000575,2026-05-31,WH01,P001,Sales Issue,-26,471200.0,SO000015,SOL0000026,,
IM00000576,2026-05-31,WH01,P007,Sales Issue,-29,129300.0,SO000096,SOL0000171,,
IM00000577,2026-06-02,WH01,P005,Sales Issue,-29,475900.0,SO000016,SOL0000029,,
IM00000578,2026-06-03,WH01,P001,PO Receipt,32,486850.5765,PO000192,POL0000192,B2605193,2028-06-02
IM00000579,2026-06-04,WH01,P026,PO Receipt,9,4134911.3344136,PO000187,POL0000187,B2605188,2029-06-03
IM00000580,2026-06-04,WH01,P001,Sales Issue,-9,483100.0,SO000039,SOL0000074,,
IM00000581,2026-06-05,WH01,P020,PO Receipt,24,270845.9024,PO000191,POL0000191,B2605192,2027-06-05
IM00000582,2026-06-05,WH01,P001,PO Receipt,24,486850.5765,PO000193,POL0000193,B2605194,2028-06-04
IM00000583,2026-06-05,WH01,P003,PO Receipt,24,354940.1677,PO000194,POL0000194,B2605195,2028-06-04
IM00000584,2026-06-05,WH01,P006,Sales Issue,-18,451900.0,SO000039,SOL0000072,,
IM00000585,2026-06-05,WH01,P003,Sales Issue,-28,307500.0,SO000039,SOL0000073,,
IM00000586,2026-06-08,WH01,P002,PO Receipt,28,317805.23682192,PO000189,POL0000189,B2605190,2028-06-07
IM00000587,2026-06-09,WH01,P006,PO Receipt,36,478270.5275,PO000196,POL0000196,B2605197,2029-06-08
IM00000588,2026-06-09,WH01,P006,Sales Issue,-36,451900.0,SO000039,SOL0000072,,
IM00000589,2026-06-10,WH01,P001,PO Receipt,32,486850.5765,PO000199,POL0000199,B2606200,2028-06-09
IM00000590,2026-06-11,WH01,P023,PO Receipt,4,2502488.80126572,PO000178,POL0000178,B2605179,2029-06-10
IM00000591,2026-06-11,WH01,P024,PO Receipt,6,3467354.1899221805,PO000179,POL0000179,B2605180,2029-06-10
IM00000592,2026-06-12,WH01,P005,PO Receipt,48,486273.7277,PO000198,POL0000198,B2606199,2028-06-11
IM00000593,2026-06-12,WH01,P003,PO Receipt,24,354940.1677,PO000200,POL0000200,B2606201,2028-06-11
IM00000594,2026-06-12,WH01,P005,Sales Issue,-12,475900.0,SO000016,SOL0000029,,
IM00000595,2026-06-18,WH01,P025,PO Receipt,3,3866938.9734511203,PO000180,POL0000180,B2605181,2029-06-17
IM00000596,2026-06-20,WH01,P003,Sales Issue,-13,319000.0,SO000173,SOL0000300,,
IM00000597,2026-06-21,WH01,P007,PO Receipt,164,118730.51362367999,PO000197,POL0000197,B2605198,2028-06-20
IM00000598,2026-06-21,WH01,P007,Sales Issue,-134,129300.0,SO000096,SOL0000171,,
IM00000599,2026-06-23,WH01,P002,PO Receipt,35,318191.64451264,PO000195,POL0000195,B2605196,2028-06-22
IM00000600,2026-06-24,WH01,P020,Sales Issue,-25,266000.0,SO000017,SOL0000030,,
IM00000601,2026-06-25,WH01,P006,PO Receipt,60,468765.65876416,PO000201,POL0000201,B2606202,2029-06-24
IM00000602,2026-06-25,WH01,P006,Sales Issue,-5,451900.0,SO000039,SOL0000072,,
IM00000603,2026-06-25,WH01,P006,Sales Issue,-55,453400.0,SO000173,SOL0000299,,
IM00000604,2026-06-27,WH01,P004,Sales Issue,-24,483600.0,SO000040,SOL0000076,,
IM00000605,2026-06-28,WH01,P001,Sales Issue,-26,476600.0,SO000040,SOL0000075,,
IM00000606,2026-07-01,WH01,P022,PO Receipt,6,1613932.4125813202,PO000177,POL0000177,B2605178,2029-06-30
IM00000607,2026-07-01,WH01,P006,PO Receipt,98,478270.5275,PO000202,POL0000202,B2606203,2029-06-30
IM00000608,2026-07-01,WH01,P006,QA Rejection,-2,478270.5275,PO000202,POL0000202,B2606203,
IM00000609,2026-07-01,WH01,P006,Sales Issue,-44,453400.0,SO000173,SOL0000299,,
IM00000610,2026-07-01,WH01,P005,Sales Issue,-10,470200.0,SO000018,SOL0000032,,
IM00000611,2026-07-01,WH01,P004,Sales Issue,-13,473200.0,SO000018,SOL0000033,,
IM00000612,2026-07-02,WH01,P006,Sales Issue,-25,456600.0,SO000018,SOL0000031,,
IM00000613,2026-07-02,WH01,P002,Sales Issue,-16,317600.0,SO000128,SOL0000221,,
IM00000614,2026-07-02,WH01,P006,Sales Issue,-9,442300.0,SO000128,SOL0000222,,
IM00000615,2026-07-03,WH01,P003,Sales Issue,-8,309800.0,SO000128,SOL0000223,,
IM00000616,2026-07-05,WH01,P003,Sales Issue,-10,305300.0,SO000055,SOL0000104,,
IM00000617,2026-07-05,WH01,P005,Sales Issue,-4,474300.0,SO000070,SOL0000128,,
IM00000618,2026-07-06,WH01,P001,PO Receipt,36,486850.5765,PO000205,POL0000205,B2606206,2028-07-05
IM00000619,2026-07-07,WH01,P005,Sales Issue,-12,453300.0,SO000019,SOL0000034,,
IM00000620,2026-07-08,WH01,P004,Sales Issue,-6,469300.0,SO000019,SOL0000035,,
IM00000621,2026-07-11,WH01,P005,Sales Issue,-10,468400.0,SO000056,SOL0000105,,
IM00000622,2026-07-12,WH01,P005,PO Receipt,12,486273.7277,PO000207,POL0000207,B2607208,2028-07-11
IM00000623,2026-07-12,WH01,P006,PO Receipt,36,478270.5275,PO000208,POL0000208,B2607209,2029-07-11
IM00000624,2026-07-12,WH01,P003,PO Receipt,24,354940.1677,PO000209,POL0000209,B2607210,2028-07-11
IM00000625,2026-07-12,WH01,P005,Sales Issue,-12,468400.0,SO000056,SOL0000105,,
IM00000626,2026-07-15,WH01,P003,Sales Issue,-13,313300.0,SO000020,SOL0000036,,
IM00000627,2026-07-17,WH01,P005,PO Receipt,16,486273.7277,PO000210,POL0000210,B2607211,2028-07-16
IM00000628,2026-07-17,WH01,P005,Sales Issue,-7,468400.0,SO000056,SOL0000105,,
IM00000629,2026-07-22,WH01,P001,Sales Issue,-40,473300.0,SO000057,SOL0000107,,
IM00000630,2026-07-23,WH01,P003,PO Receipt,24,354940.1677,PO000212,POL0000212,B2607213,2028-07-22
IM00000631,2026-07-23,WH01,P006,Sales Issue,-9,452600.0,SO000057,SOL0000108,,
IM00000632,2026-07-27,WH01,P004,PO Receipt,32,501239.98577300995,PO000204,POL0000204,B2606205,2028-07-26
IM00000633,2026-07-27,WH01,P004,Sales Issue,-8,469300.0,SO000019,SOL0000035,,
IM00000634,2026-07-27,WH01,P004,Sales Issue,-19,454200.0,SO000056,SOL0000106,,
IM00000635,2026-07-27,WH01,P002,Sales Issue,-17,316600.0,SO000097,SOL0000172,,
IM00000636,2026-07-28,WH01,P003,Sales Issue,-15,313100.0,SO000097,SOL0000173,,
IM00000637,2026-07-29,WH01,P001,PO Receipt,40,486850.5765,PO000213,POL0000213,B2607214,2028-07-28
IM00000638,2026-07-29,WH01,P001,QA Rejection,-1,486850.5765,PO000213,POL0000213,B2607214,
IM00000639,2026-07-30,WH01,P001,Sales Issue,-11,466300.0,SO000043,SOL0000081,,
IM00000640,2026-07-31,WH01,P004,PO Receipt,13,502025.85276365996,PO000206,POL0000206,B2607207,2028-07-30
IM00000641,2026-08-01,WH01,P005,PO Receipt,28,430128.69441798003,PO000211,POL0000211,B2607212,2028-07-31
IM00000642,2026-08-02,WH01,P020,PO Receipt,165,279135.55463541,PO000203,POL0000203,B2606204,2027-08-02
IM00000643,2026-08-02,WH01,P020,Sales Issue,-140,266000.0,SO000017,SOL0000030,,
IM00000644,2026-08-02,WH01,P003,Sales Issue,-39,325900.0,SO000071,SOL0000130,,
IM00000645,2026-08-02,WH01,P002,Sales Issue,-33,314300.0,SO000071,SOL0000131,,
IM00000646,2026-08-03,WH01,P001,Sales Issue,-16,485900.0,SO000071,SOL0000129,,
IM00000647,2026-08-05,WH01,P023,Sales Issue,-7,2598500.0,SO000168,SOL0000294,,
IM00000648,2026-08-06,WH01,P001,Sales Issue,-12,481600.0,SO000145,SOL0000265,,
IM00000649,2026-08-08,WH01,P003,Sales Issue,-16,313500.0,SO000042,SOL0000080,,
IM00000650,2026-08-09,WH01,P003,PO Receipt,54,354940.1677,PO000217,POL0000217,B2608218,2028-08-08
IM00000651,2026-08-09,WH01,P003,Sales Issue,-51,313500.0,SO000042,SOL0000080,,
IM00000652,2026-08-09,WH01,P001,Sales Issue,-12,456300.0,SO000072,SOL0000132,,
IM00000653,2026-08-09,WH01,P003,Sales Issue,-3,312500.0,SO000072,SOL0000133,,
IM00000654,2026-08-09,WH01,P006,Sales Issue,-8,447200.0,SO000072,SOL0000134,,
IM00000655,2026-08-11,WH01,P001,PO Receipt,28,486850.5765,PO000218,POL0000218,B2608219,2028-08-10
IM00000656,2026-08-11,WH01,P006,Sales Issue,-13,429500.0,SO000041,SOL0000078,,
IM00000657,2026-08-11,WH01,P004,Sales Issue,-16,455900.0,SO000041,SOL0000079,,
IM00000658,2026-08-12,WH01,P001,Sales Issue,-14,457600.0,SO000041,SOL0000077,,
IM00000659,2026-08-13,WH01,P022,Sales Issue,-11,1778000.0,SO000152,SOL0000275,,
IM00000660,2026-08-14,WH01,P024,Sales Issue,-5,3470900.0,SO000098,SOL0000174,,
IM00000661,2026-08-15,WH01,P026,Sales Issue,-12,3903200.0,SO000098,SOL0000175,,
IM00000662,2026-08-16,WH01,P003,PO Receipt,66,354940.1677,PO000220,POL0000220,B2608221,2028-08-15
IM00000663,2026-08-16,WH01,P003,Sales Issue,-12,312500.0,SO000072,SOL0000133,,
IM00000664,2026-08-18,WH01,P005,Sales Issue,-27,473000.0,SO000132,SOL0000234,,
IM00000665,2026-08-19,WH01,P006,PO Receipt,17,478270.5275,PO000221,POL0000221,B2608222,2029-08-18
IM00000666,2026-08-19,WH01,P001,PO Receipt,36,486850.5765,PO000224,POL0000224,B2608225,2028-08-18
IM00000667,2026-08-19,WH01,P003,Sales Issue,-8,316300.0,SO000132,SOL0000233,,
IM00000668,2026-08-22,WH01,P002,PO Receipt,30,309848.62290402,PO000214,POL0000214,B2607215,2028-08-21
IM00000669,2026-08-22,WH01,P002,Sales Issue,-9,314300.0,SO000071,SOL0000131,,
IM00000670,2026-08-22,WH01,P002,Sales Issue,-12,313700.0,SO000132,SOL0000232,,
IM00000671,2026-08-22,WH01,P001,Sales Issue,-17,463200.0,SO000144,SOL0000263,,
IM00000672,2026-08-22,WH01,P003,Sales Issue,-22,326000.0,SO000144,SOL0000264,,
IM00000673,2026-08-23,WH01,P002,PO Receipt,42,316893.68235824,PO000216,POL0000216,B2608217,2028-08-22
IM00000674,2026-08-23,WH01,P006,PO Receipt,13,478270.5275,PO000223,POL0000223,B2608224,2029-08-22
IM00000675,2026-08-24,WH01,P004,PO Receipt,33,504432.42457194,PO000215,POL0000215,B2607216,2028-08-23
IM00000676,2026-08-25,WH01,P001,Sales Issue,-5,465100.0,SO000172,SOL0000298,,
IM00000677,2026-08-26,WH01,P003,PO Receipt,24,354940.1677,PO000229,POL0000229,B2608230,2028-08-25
IM00000678,2026-08-26,WH01,P002,Sales Issue,-20,334700.0,SO000146,SOL0000266,,
IM00000679,2026-08-29,WH01,P023,PO Receipt,6,2588947.85022216,PO000219,POL0000219,B2608220,2029-08-28
IM00000680,2026-08-30,WH01,P003,PO Receipt,18,354940.1677,PO000230,POL0000230,B2608231,2028-08-29
IM00000681,2026-08-30,WH01,P018,Sales Issue,-30,232100.0,SO000147,SOL0000267,,
IM00000682,2026-08-31,WH01,P021,Sales Issue,-26,97600.0,SO000147,SOL0000268,,
IM00000683,2026-08-31,WH01,P006,Sales Issue,-29,441200.0,SO000099,SOL0000177,,
